Enter your name ,S1,S2,S3,S4,S5,S6,S7,S8,S9,S10,S11,S12,S13,S14,S16,S17,S18,S19,S20,S21,S22,S23,S24,S25,S26,S27,S28,S29,S30,S31,S32,S33,S34,S35,S36,S37,S38,S39,S40,S41,S43,S44,S45,S46,S47,S48,S49,S50,S52,S53,S54,S55,S57,S58,S59,S60,S61,S62,S63,S64,S65,S66,S67,S69,S70,S71,S73,S74,S75,S76,S77,S79,S80,S81,S82,S83,S84,S85,S86,S87,S88,S89,S90,S91,S92,S93,S94,S95,S97,S98,S99,S100,S101,S103,S104,S105,S106
S1,0,0,3,0,0,0,0,0,0,0,0,5,2,3,2,5,3,2,3,0,0,3,0,0,5,0,2,3,5,0,0,0,2,0,0,2,0,0,0,0,0,2,0,0,0,0,2,0,0,0,0,0,0,0,0,0,0,0,0,0,0,0,0,0,0,0,0,2,0,0,0,0,0,0,0,0,0,0,0,2,0,0,0,0,0,0,0,0,0,1,0,0,0,3,0,0,0
S2,3,0,3,0,0,0,0,0,0,0,0,0,0,2,1,0,3,2,3,3,0,3,0,2,2,0,2,0,0,0,0,0,0,0,0,0,0,0,0,0,0,0,0,0,3,0,0,0,0,0,0,0,0,0,0,0,0,0,0,0,0,0,0,0,0,0,0,5,0,0,0,0,0,0,0,0,0,0,0,2,0,0,0,0,0,0,0,0,0,1,0,0,0,0,0,0,0
S3,0,5,0,0,0,0,0,0,0,0,0,0,0,2,1,0,2,2,3,0,0,0,0,3,5,0,2,3,5,0,1,0,0,0,0,5,0,0,0,0,0,3,3,0,3,0,2,0,0,0,0,0,0,0,0,0,0,0,0,2,0,0,0,0,0,0,0,2,0,3,0,0,0,0,0,0,0,0,0,0,0,0,0,0,0,0,3,0,0,1,0,0,0,0,0,0,0
S4,0,0,0,0,0,0,0,0,0,0,0,0,0,1,2,0,0,0,0,0,0,0,0,0,0,0,0,0,0,0,0,5,3,0,2,5,5,5,2,2,2,2,3,0,0,3,5,0,0,2,0,0,0,3,0,0,3,0,0,6,3,0,0,0,0,0,0,0,0,0,2,5,0,0,0,0,0,0,0,2,0,0,0,2,0,0,0,0,1,1,0,0,0,0,0,0,2
S5,0,0,0,2,0,0,2,3,0,3,0,0,0,0,2,0,0,0,0,0,0,0,1,0,0,0,0,0,0,0,0,0,2,2,2,5,5,0,2,3,0,2,3,5,0,2,2,5,0,2,2,2,0,2,2,0,0,1,2,2,1,5,2,2,2,2,2,0,2,2,2,0,2,5,2,2,6,2,2,3,0,2,0,0,0,0,0,0,2,0,0,0,2,0,2,0,5
S6,0,0,0,2,0,0,2,0,0,0,0,0,0,0,2,0,0,0,0,0,0,0,0,0,0,0,0,0,0,0,0,0,2,2,2,2,0,0,0,0,3,2,0,0,0,0,2,0,5,5,2,2,2,2,5,0,3,0,3,2,0,2,0,2,2,2,0,2,2,0,2,0,0,0,2,2,2,0,0,0,0,2,0,0,2,0,0,2,3,1,0,0,0,0,0,0,0
S7,0,0,0,2,2,3,0,2,2,0,2,0,0,0,2,0,0,0,0,0,0,0,2,0,0,2,2,0,0,0,0,0,3,5,5,6,0,2,1,3,2,2,3,2,0,3,2,0,2,5,2,5,2,3,0,2,3,0,3,5,2,2,2,0,0,0,0,2,0,2,5,2,0,5,5,2,2,0,5,2,0,2,2,2,0,0,2,2,2,0,0,0,0,2,2,0,2
S8,0,0,0,0,1,0,2,0,2,0,2,0,0,0,1,0,0,0,0,0,0,0,3,0,0,0,0,0,0,0,0,0,0,0,0,2,2,0,0,2,0,2,0,0,1,3,0,0,0,2,0,0,1,2,0,0,0,3,3,2,0,2,2,2,3,5,5,5,0,3,5,2,5,5,5,3,6,2,5,5,0,2,0,0,2,0,0,2,0,0,2,0,0,2,3,0,2
S9,0,0,0,0,0,0,2,5,0,3,5,0,0,0,2,0,0,0,0,0,0,6,2,0,0,0,0,0,0,0,0,0,2,0,0,2,3,0,0,0,2,2,3,5,0,0,0,2,2,2,2,2,0,2,5,3,0,0,3,0,0,0,2,2,2,5,2,5,2,3,5,2,5,5,5,3,5,2,2,2,2,5,0,2,0,0,0,2,0,0,5,0,0,0,0,0,5
S10,0,0,0,0,0,0,0,2,0,0,5,0,0,0,1,0,0,0,0,0,0,0,0,0,0,0,0,0,0,0,0,2,0,0,0,0,0,0,0,0,0,2,0,0,0,3,0,5,0,2,2,5,0,2,0,3,0,0,2,5,0,2,1,0,0,2,2,0,0,3,5,5,0,5,0,5,2,0,5,5,3,2,2,5,3,3,0,3,3,0,5,0,0,0,0,0,0
S11,0,0,0,0,0,0,0,2,5,3,0,0,0,0,2,0,0,0,0,0,0,0,0,0,0,0,0,0,0,0,0,5,2,2,5,5,0,0,0,0,2,2,3,0,0,2,0,0,0,2,0,2,0,2,0,0,2,0,0,2,0,0,2,2,0,2,0,0,0,3,5,5,0,5,5,2,2,2,3,2,2,2,2,2,5,0,0,2,2,0,5,0,0,0,0,0,2
S12,3,0,3,0,0,0,0,0,0,0,0,0,2,2,1,2,3,2,3,0,3,0,0,2,2,0,0,2,5,0,0,0,0,0,0,2,0,0,0,0,0,0,0,0,0,0,0,0,0,0,0,0,0,0,0,0,0,0,0,0,0,0,0,0,0,0,0,2,0,0,0,0,0,0,0,0,0,0,0,0,0,0,0,0,0,0,0,0,0,1,0,0,0,0,0,0,0
S13,3,0,3,0,0,0,0,0,0,0,0,6,0,3,1,3,3,2,3,0,0,2,3,0,2,0,2,0,5,0,0,0,0,0,0,0,0,0,0,0,0,0,0,0,0,0,0,0,0,0,0,0,0,0,0,0,0,0,0,0,0,0,0,0,0,0,0,0,0,0,0,0,0,0,0,0,0,0,0,0,0,0,0,0,0,0,0,0,0,0,0,0,0,0,0,0,0
S14,3,0,3,0,0,0,0,0,0,0,0,0,0,0,2,0,3,2,0,0,0,0,0,2,0,0,3,0,0,0,0,2,0,2,0,0,0,0,0,0,0,0,0,0,0,0,0,0,0,0,0,0,0,0,0,0,0,0,0,0,0,0,0,0,0,0,0,0,0,0,0,0,0,0,0,0,0,0,0,0,0,0,0,0,0,0,0,0,0,1,0,0,1,0,0,0,0
S16,0,0,3,0,0,0,0,0,0,0,0,0,0,2,0,0,2,2,0,0,0,2,0,0,0,0,0,0,3,0,0,0,0,0,0,0,0,0,0,0,0,0,0,0,0,0,0,0,3,0,0,0,0,0,0,0,0,0,0,0,0,0,0,0,0,0,0,2,0,0,0,0,0,0,0,2,0,0,0,0,0,0,0,0,0,0,0,0,0,1,0,0,0,0,0,0,0
S17,3,0,3,0,0,2,0,0,0,0,0,2,3,2,1,0,3,2,2,3,0,3,0,0,3,0,0,0,5,3,0,0,0,0,0,0,0,0,0,0,0,0,0,0,0,0,0,0,0,0,0,0,0,0,0,0,0,0,0,0,0,0,0,0,0,0,0,0,0,0,0,0,0,0,0,0,0,0,0,2,0,0,0,0,0,0,0,0,0,1,0,0,0,0,0,0,0
S18,3,0,3,0,0,0,0,0,0,0,0,0,2,2,2,5,0,2,3,0,0,3,3,0,2,3,5,0,5,3,0,0,0,0,0,0,0,0,0,0,0,0,0,0,0,0,0,0,0,2,0,0,0,0,0,0,0,0,0,0,0,0,0,0,0,0,0,0,0,0,0,0,0,0,0,0,0,0,0,0,0,0,0,0,0,0,0,0,0,1,0,0,0,0,0,0,0
S19,0,0,3,0,0,0,0,0,0,0,0,0,2,2,1,0,2,0,2,3,3,0,3,3,2,0,5,0,2,3,0,0,2,0,0,0,0,0,0,0,0,0,0,0,1,0,0,0,0,0,0,0,0,0,0,0,0,0,0,0,0,0,0,0,0,0,0,2,0,0,0,0,0,0,0,0,0,0,0,0,0,0,0,0,0,0,0,0,0,1,3,0,0,0,0,0,0
S20,0,5,3,0,0,2,0,0,0,0,0,0,0,2,2,0,3,2,0,0,0,0,0,0,5,0,2,3,2,0,0,0,2,0,0,0,0,0,0,0,0,0,0,0,2,0,0,0,0,2,0,0,0,0,2,0,0,0,0,0,0,0,0,0,0,0,0,0,0,0,0,0,0,0,0,1,0,0,0,0,0,0,0,3,0,0,0,0,0,1,0,0,0,0,0,0,0
S21,0,3,0,0,0,0,0,0,0,0,0,0,0,2,2,0,2,2,0,0,0,2,3,2,0,0,5,0,0,3,0,0,0,0,0,0,0,0,0,0,2,0,0,0,2,0,0,0,6,0,0,0,0,0,0,0,0,0,0,0,5,0,0,0,0,0,0,0,0,0,0,0,0,0,0,0,0,0,0,2,0,0,0,0,0,0,0,0,0,1,0,0,0,0,0,0,0
S22,2,3,2,0,0,0,0,0,0,0,0,2,0,2,1,0,2,2,2,2,0,0,0,3,2,0,5,2,5,5,0,0,0,0,0,0,0,0,0,0,0,0,0,0,1,0,0,0,0,0,0,0,0,0,0,0,0,0,0,0,0,0,0,0,0,0,0,5,0,0,0,0,0,0,0,0,0,0,0,0,0,0,0,0,0,0,0,0,0,1,0,0,0,0,0,0,0
S23,0,5,0,0,0,0,0,0,3,0,0,0,0,2,2,3,3,0,2,0,0,0,0,2,2,5,2,0,0,5,1,0,0,0,2,0,1,0,0,0,0,0,0,0,0,0,0,0,0,0,0,0,0,0,0,0,0,0,0,0,0,0,0,0,0,0,0,0,0,0,0,0,0,0,0,0,0,0,0,0,0,0,0,0,0,0,0,0,0,1,0,0,0,0,0,0,0
S24,2,0,2,0,1,0,2,6,0,0,0,0,3,2,1,0,3,2,3,3,3,3,0,2,2,0,5,2,2,0,0,0,0,0,0,2,0,0,0,2,2,0,0,0,1,0,0,0,0,0,0,0,0,0,0,0,0,2,2,0,0,0,0,0,0,0,0,2,0,0,2,0,0,0,0,3,3,0,3,3,0,0,0,0,0,0,0,0,0,1,0,0,0,0,2,0,2
S25,0,3,3,0,0,0,0,0,0,0,0,0,0,2,1,0,2,2,0,0,0,2,0,0,2,6,5,0,0,6,2,0,0,0,0,0,3,0,0,0,0,0,0,0,2,0,0,3,0,0,0,0,0,0,0,0,0,0,0,0,0,0,0,0,0,0,0,6,0,0,0,0,0,0,0,0,0,0,0,0,0,0,0,0,0,0,0,0,0,0,0,0,0,0,0,0,0
S26,3,0,3,0,0,0,0,0,0,0,0,3,0,2,1,5,2,0,3,0,0,2,0,2,0,0,2,3,0,2,0,0,0,0,0,0,0,0,0,0,0,0,0,0,3,3,2,0,0,0,0,0,0,0,0,0,0,0,0,0,0,0,0,0,0,0,2,2,0,3,0,0,0,0,0,0,0,0,0,0,0,0,0,0,0,0,0,0,0,1,0,0,0,0,0,0,0
S27,0,0,0,0,0,2,0,0,0,0,0,0,0,2,2,0,3,0,0,0,0,3,0,2,0,0,5,0,2,5,0,0,0,0,0,0,0,0,0,0,0,0,0,0,2,0,0,0,0,0,0,0,0,0,0,0,0,0,0,0,0,0,0,0,0,0,0,5,0,0,0,0,0,0,0,0,0,0,0,0,0,0,0,0,0,0,0,0,3,1,0,0,0,0,0,0,0
S28,2,0,2,0,0,0,0,0,0,0,0,0,0,2,1,0,3,0,2,0,3,2,0,2,0,0,0,0,5,5,0,0,2,0,0,0,2,0,0,2,0,0,0,0,1,0,0,0,0,0,0,0,0,0,0,0,0,0,0,0,0,0,0,0,0,2,2,5,0,0,0,2,0,0,0,0,0,0,0,2,0,0,0,0,0,0,0,0,0,1,6,0,0,0,0,0,2
S29,2,0,3,0,0,0,0,0,0,0,0,0,0,2,1,0,2,0,3,0,0,0,0,2,5,0,2,0,5,0,0,0,0,0,0,0,0,0,0,0,0,0,0,0,0,0,2,0,0,0,0,0,0,0,0,0,0,0,0,0,0,0,0,0,0,0,2,2,0,3,0,2,0,0,0,0,0,0,0,0,0,0,0,0,0,0,0,0,2,1,0,0,0,0,0,0,0
S30,3,0,3,0,0,0,0,0,0,0,0,5,2,2,2,2,3,2,2,0,3,0,0,2,2,0,5,2,0,0,0,0,0,0,0,2,2,0,0,0,0,0,0,0,2,0,2,0,0,0,2,0,0,0,0,0,0,0,0,0,0,0,0,0,0,0,5,2,0,2,0,0,0,0,0,0,0,0,0,2,0,0,0,0,0,0,0,0,0,1,0,0,2,0,0,0,0
S31,0,0,3,0,0,0,0,0,0,3,0,0,0,2,1,2,3,2,0,0,3,5,0,3,2,6,5,2,5,0,2,0,0,0,0,0,0,0,0,0,0,0,0,0,1,0,2,6,0,2,0,0,0,0,0,0,0,0,0,2,0,0,0,0,0,0,0,6,0,0,0,0,0,0,0,0,0,0,0,0,0,0,0,0,0,1,0,0,0,1,0,0,0,0,0,0,0
S32,2,0,0,0,0,0,0,0,0,3,0,0,0,0,1,0,0,2,0,0,0,0,0,3,0,0,0,0,0,3,0,0,0,0,0,0,0,0,0,0,0,0,0,0,0,0,0,1,0,0,0,0,0,0,0,0,0,0,0,0,2,0,0,0,0,0,0,6,0,3,2,0,2,3,0,0,0,0,0,0,0,0,0,0,0,1,5,0,3,0,0,0,0,0,0,0,0
S33,0,0,0,5,0,0,2,0,0,0,3,0,0,0,1,0,0,0,0,0,0,0,0,0,0,0,0,0,0,0,0,0,3,6,5,5,3,5,2,0,3,2,3,0,1,3,2,0,0,2,0,2,0,0,0,0,3,0,0,2,0,0,0,6,0,2,0,0,0,2,2,5,0,5,0,0,2,5,0,0,0,0,6,5,5,0,5,0,3,0,5,0,0,0,0,0,0
S34,0,0,0,5,0,2,2,0,0,0,2,0,0,2,1,0,0,2,0,0,0,0,0,0,0,0,0,0,0,0,0,5,0,2,0,5,3,5,2,4,3,2,3,0,2,3,6,0,5,2,3,2,0,2,0,2,3,0,0,2,1,2,0,2,0,2,5,2,3,0,3,5,0,5,0,2,2,5,3,2,0,0,2,5,2,0,0,0,0,0,2,0,3,1,0,0,0
S35,0,0,0,2,2,2,5,2,0,0,2,0,0,0,2,0,0,0,0,0,0,0,0,0,0,0,0,0,0,0,0,6,2,0,2,5,3,2,5,0,2,2,3,2,3,3,0,0,0,2,2,5,0,2,2,0,2,2,2,2,0,2,0,3,2,2,2,2,2,2,2,0,0,0,0,2,2,2,3,3,0,2,6,5,5,0,0,2,2,0,2,5,2,0,0,2,3
S36,0,0,0,0,2,2,2,0,0,0,2,0,0,1,1,0,0,0,0,0,0,2,0,0,0,0,0,0,0,0,0,3,2,2,0,5,3,5,2,2,3,2,3,0,2,3,2,0,5,3,3,3,0,3,0,5,3,1,2,5,1,2,0,5,2,3,0,0,2,0,3,0,0,5,0,0,2,5,0,3,0,0,0,2,3,0,0,0,2,0,0,3,0,0,0,0,0
S37,0,0,2,2,3,0,6,2,2,0,2,2,0,0,2,0,0,0,0,0,0,0,0,0,0,0,0,0,2,0,0,2,2,5,2,0,3,0,1,3,2,2,3,2,1,3,2,0,5,2,3,5,0,2,2,0,2,0,3,2,1,2,0,2,2,2,2,0,0,2,2,2,0,2,2,2,2,0,3,3,0,2,0,2,0,0,0,2,2,0,0,2,2,0,2,0,0
S38,0,0,0,5,0,0,0,0,3,0,0,0,0,0,1,0,0,0,0,0,0,4,0,3,0,0,0,0,0,0,0,2,3,2,5,2,0,5,2,3,3,2,3,0,0,2,0,0,5,2,0,0,2,2,2,3,3,0,3,0,0,0,0,0,2,2,0,0,3,0,2,0,0,0,0,0,0,0,0,0,0,0,0,2,0,0,0,0,0,1,0,2,0,0,0,0,0
S39,0,0,0,5,0,2,2,0,0,0,0,0,0,0,1,0,0,0,0,0,0,0,0,0,0,0,0,0,0,0,0,5,3,2,5,2,5,0,2,2,2,2,3,0,0,3,0,0,5,2,0,0,0,2,2,0,3,0,0,5,2,0,2,0,0,2,0,0,0,0,2,5,0,0,0,2,0,2,0,0,0,0,0,2,0,0,0,0,0,1,0,0,0,0,0,0,0
S40,2,0,0,2,2,2,6,2,0,0,2,2,0,0,2,0,2,0,0,0,0,0,2,0,0,0,2,0,0,0,0,5,2,5,5,6,5,5,0,1,2,2,3,3,0,3,2,2,5,2,2,2,0,2,0,0,2,3,2,0,1,2,0,2,0,2,2,2,2,2,5,2,0,0,0,2,2,2,5,2,0,2,0,5,0,0,0,2,2,0,5,2,2,0,2,2,5
S41,2,0,0,2,2,2,2,2,0,0,0,0,0,0,1,0,0,0,0,0,0,0,2,0,0,0,2,0,0,0,0,2,3,2,2,6,5,0,2,0,2,2,3,2,3,2,0,0,0,2,0,0,0,2,2,0,0,0,3,0,0,2,2,2,0,2,2,5,2,0,5,0,0,2,2,2,2,0,2,3,0,2,0,2,0,0,2,0,2,0,0,0,2,0,2,2,5
S43,0,0,0,2,2,3,0,0,0,0,0,0,0,0,1,0,0,0,0,0,0,0,0,0,0,0,0,0,0,0,0,2,3,2,5,2,5,0,2,0,0,2,3,2,2,2,2,0,0,2,2,0,0,3,0,0,2,0,2,0,0,2,2,0,0,2,5,5,3,0,3,2,2,0,2,2,2,2,5,2,0,0,0,0,0,3,0,2,0,0,2,2,2,3,2,0,5
S44,0,0,1,2,2,2,2,0,0,0,0,0,0,0,2,0,0,0,0,0,0,0,0,0,0,0,2,0,0,0,0,2,2,2,2,2,5,0,2,0,3,0,3,2,0,2,5,0,5,2,2,0,2,3,5,0,0,0,2,5,5,2,2,0,0,0,0,2,3,0,2,0,5,3,5,2,2,0,5,2,0,2,0,0,0,3,6,2,3,0,0,5,0,3,0,0,5
S45,0,0,3,2,2,0,2,0,5,3,5,0,0,0,2,0,0,0,0,0,0,0,0,2,0,0,0,0,0,0,1,5,2,2,2,5,5,2,2,0,0,2,0,2,3,3,0,0,0,3,5,5,0,2,5,0,0,2,2,5,2,0,2,2,0,2,0,0,0,3,2,2,0,5,2,2,3,0,5,2,0,0,2,2,0,0,1,0,2,0,2,0,3,0,2,0,5
S46,0,0,0,0,2,0,2,0,5,3,0,0,0,0,2,0,0,0,0,0,0,0,0,0,0,0,0,0,0,0,0,3,2,0,2,2,3,0,2,0,3,2,3,0,0,2,0,0,0,0,5,2,6,2,0,0,0,3,3,0,0,3,2,2,2,2,0,0,0,0,1,0,0,3,5,2,2,0,0,2,0,5,0,2,0,0,0,0,0,0,0,0,2,0,2,0,5
S47,0,0,3,2,0,0,2,0,0,0,0,0,0,0,1,0,0,0,0,0,0,0,0,0,0,0,0,0,0,0,0,0,2,0,2,5,5,0,0,3,2,2,3,0,0,3,0,0,0,2,0,0,0,2,0,0,0,0,2,2,0,0,0,2,0,0,0,0,0,3,2,0,0,0,0,2,2,0,0,2,0,2,0,2,0,0,0,0,1,0,0,0,0,0,0,0,0
S48,0,0,0,2,0,0,2,2,0,3,2,0,0,0,2,0,0,0,0,0,0,0,0,0,0,0,0,0,0,0,0,5,2,5,2,5,2,0,2,0,2,2,3,0,2,0,0,0,0,2,0,5,2,2,5,0,0,0,2,2,0,0,2,2,3,3,5,2,2,3,5,2,2,5,2,2,5,5,5,2,0,2,0,2,3,3,0,5,1,0,0,2,0,0,0,0,5
S49,0,0,0,2,0,0,2,0,0,0,0,0,0,0,1,0,0,0,0,0,0,0,0,0,0,0,0,0,0,0,0,0,1,0,0,2,0,0,0,0,2,2,0,0,3,0,0,2,5,3,5,2,0,2,5,0,0,2,3,2,0,2,0,0,0,0,0,0,2,0,2,0,0,3,0,2,0,0,0,0,0,0,0,0,0,0,0,0,2,0,0,0,0,1,0,0,0
S50,0,0,0,0,3,0,2,0,0,3,0,0,0,0,2,0,0,0,0,0,0,0,0,4,0,0,0,0,0,6,2,0,2,0,0,2,0,0,0,0,2,2,0,0,1,3,5,0,5,5,5,5,2,3,5,5,0,2,3,5,0,5,0,0,0,0,0,6,0,0,2,2,0,0,2,2,2,0,5,3,0,0,0,2,0,1,0,0,2,0,0,2,3,0,0,0,2
S52,0,0,0,6,0,2,2,0,2,3,0,0,0,0,2,0,0,0,0,0,0,0,0,0,0,0,0,0,0,0,0,0,3,0,2,0,5,2,0,0,0,2,0,0,1,2,5,2,0,5,2,2,2,3,5,3,3,2,3,6,5,2,0,0,0,0,0,0,0,0,5,2,0,0,0,0,0,0,0,0,0,0,0,2,0,0,0,0,1,1,0,0,2,0,0,0,0
S53,0,0,2,2,2,2,2,0,2,3,2,0,0,0,2,0,0,0,0,0,0,5,0,0,0,0,0,0,0,0,0,2,0,2,5,2,5,5,2,0,2,2,2,0,2,3,5,5,5,0,5,6,2,3,5,5,2,2,3,5,0,5,2,0,0,2,2,0,2,0,5,0,2,5,2,0,2,5,5,2,0,2,0,2,5,0,5,2,1,0,2,0,2,0,0,0,5
S54,0,0,0,2,2,2,2,0,0,3,0,0,0,0,1,0,0,0,0,0,0,0,0,0,0,0,0,0,0,0,0,0,0,2,5,2,0,0,0,0,2,2,2,0,3,0,5,0,5,5,0,5,2,3,5,5,2,0,3,2,0,2,2,0,0,0,2,0,2,0,5,0,0,0,0,2,2,0,0,2,0,0,0,2,0,0,0,2,2,0,5,3,2,0,0,0,2
S55,0,0,0,2,5,3,2,0,0,3,2,0,0,0,1,0,0,0,0,0,0,0,2,0,0,0,0,0,0,0,0,5,2,5,5,2,2,0,2,2,0,2,2,2,0,3,5,5,5,6,5,0,2,3,5,5,2,2,3,5,0,5,2,2,2,2,0,2,0,2,5,0,0,5,2,2,2,2,5,5,0,2,2,2,5,0,0,2,0,0,5,0,0,0,0,0,2
S57,0,0,0,2,0,2,2,0,0,0,0,0,0,0,1,0,0,0,0,0,0,0,0,0,0,0,0,0,0,0,0,0,0,2,0,2,0,2,0,2,0,2,0,5,0,2,2,0,5,5,2,2,0,2,5,0,2,3,3,2,0,5,2,2,2,2,0,0,0,3,5,2,0,0,5,2,2,0,0,0,0,2,0,0,0,0,0,2,0,1,0,0,2,0,0,0,5
S58,0,0,0,2,0,2,5,0,0,3,0,0,0,0,2,0,0,0,0,0,0,0,0,0,0,0,0,0,0,0,0,0,2,0,5,5,2,0,0,2,3,5,2,0,0,2,5,0,5,5,3,2,0,0,2,5,3,0,3,5,0,2,2,0,0,0,2,0,0,0,1,2,0,2,2,2,2,0,2,2,0,0,0,0,0,0,0,0,3,0,0,1,2,0,0,0,0
S59,0,0,0,2,0,2,2,0,2,3,0,0,0,0,1,0,0,0,0,0,0,0,0,0,0,0,0,0,0,0,0,0,2,2,2,2,2,0,0,2,0,2,2,2,0,3,5,0,5,5,5,5,5,3,0,2,0,0,3,5,0,2,2,2,3,2,2,2,3,2,5,2,0,0,2,2,2,0,2,5,0,0,2,2,2,0,0,2,2,1,2,5,2,0,0,0,2
S60,0,0,0,0,0,0,2,0,3,0,0,0,0,0,2,0,0,0,0,0,0,0,0,0,0,0,0,0,0,0,0,0,0,0,0,0,6,0,0,0,0,2,0,0,0,2,2,0,2,5,5,5,0,3,5,0,3,0,2,5,0,2,2,0,1,2,0,0,0,0,5,0,0,5,0,2,2,0,0,2,0,0,0,2,1,0,0,0,2,0,0,0,3,0,0,0,0
S61,0,0,0,0,0,3,2,0,0,0,2,0,0,0,1,0,0,0,0,0,0,0,0,0,0,0,0,0,0,0,0,0,3,0,5,2,5,0,0,0,2,2,2,0,0,2,2,0,5,5,2,2,0,3,0,5,0,0,3,5,2,2,2,0,0,0,0,0,0,0,5,2,2,5,0,2,2,5,2,0,2,0,0,2,1,0,0,2,0,1,0,0,0,0,0,0,2
S62,0,0,0,0,1,3,2,6,0,0,0,0,0,0,2,0,0,0,0,0,0,0,1,0,0,0,0,0,0,0,0,0,0,5,5,2,2,0,5,0,0,2,2,5,0,3,5,0,5,5,5,5,6,2,2,3,2,0,2,5,2,2,2,0,2,2,0,0,2,2,5,0,5,3,2,2,6,0,5,0,0,0,0,2,1,0,0,0,2,1,0,0,0,0,0,0,5
S63,0,0,0,0,0,3,5,0,2,0,0,0,0,0,1,0,0,0,0,0,0,0,0,0,0,0,0,0,0,0,1,0,2,0,0,5,2,0,0,2,2,2,0,0,0,0,2,0,5,5,2,5,0,3,2,0,2,0,0,2,2,2,2,2,0,2,5,0,2,0,2,0,2,0,2,2,2,2,2,0,0,2,0,2,1,0,2,2,2,1,2,2,2,0,0,0,2
S64,0,0,2,6,0,3,2,0,0,0,2,0,0,0,2,0,0,0,0,0,0,0,0,0,0,0,2,0,0,0,0,2,2,0,5,2,2,2,0,0,0,2,2,0,0,3,5,5,5,5,2,5,2,3,5,5,3,0,3,0,5,5,2,0,0,2,0,2,0,2,5,2,0,2,2,2,2,0,5,3,0,2,0,0,2,0,2,0,3,0,0,0,0,5,0,0,2
S65,0,0,0,6,0,3,2,0,0,0,0,0,0,0,1,0,0,0,0,0,0,2,0,0,0,0,0,0,0,0,0,0,2,0,2,2,5,2,0,0,2,5,0,0,0,2,2,0,5,5,2,2,2,3,2,5,3,0,3,6,0,2,2,0,0,2,0,2,0,0,5,5,0,5,2,2,2,0,2,0,0,2,0,0,2,0,5,2,3,0,0,0,2,2,0,0,0
S66,0,0,0,0,3,3,2,0,0,3,0,0,0,0,2,0,0,0,0,0,0,0,0,0,0,0,0,0,0,0,0,0,2,2,0,0,2,0,0,0,0,2,0,5,0,0,2,5,2,5,2,5,2,3,2,0,0,0,3,5,2,0,2,0,0,2,0,0,0,0,5,0,0,0,2,2,2,2,0,5,0,2,0,0,2,0,0,2,3,0,2,2,0,0,0,0,5
S67,0,0,0,0,2,5,2,0,5,0,2,0,0,0,1,0,0,0,0,0,0,0,0,0,0,0,0,0,0,0,0,0,2,0,5,2,2,0,0,0,5,2,0,2,0,3,2,5,2,2,2,2,0,3,5,0,3,0,2,5,1,5,0,0,0,2,5,5,0,0,5,2,0,5,5,2,5,0,5,2,0,0,0,0,2,0,0,3,2,0,0,0,2,5,0,0,0
S69,0,0,0,0,0,0,2,2,2,0,2,0,0,0,1,0,0,0,0,0,0,0,0,0,0,0,0,0,0,0,0,6,0,6,2,0,2,0,0,0,2,2,0,0,0,3,0,0,0,2,2,0,2,2,2,0,0,0,0,2,1,2,2,0,2,5,5,5,2,2,5,2,5,5,5,2,5,5,5,2,0,5,6,2,5,0,0,2,2,0,2,0,0,0,0,0,5
S70,0,0,2,0,2,3,2,5,5,3,0,0,0,0,2,0,0,0,0,0,0,0,0,0,0,0,2,0,0,0,0,2,2,5,2,2,2,0,2,2,2,2,0,2,0,3,0,0,0,2,2,5,2,2,5,3,0,2,2,2,1,2,2,5,0,6,5,5,2,3,5,2,5,5,5,3,5,5,5,6,0,6,0,2,6,0,0,5,2,0,0,2,0,0,2,0,6
S71,0,0,0,0,0,0,0,2,2,0,2,0,0,0,1,0,0,0,0,0,0,0,0,0,0,0,2,0,0,0,0,2,0,2,5,2,2,2,2,0,0,2,0,0,0,3,0,0,0,2,0,2,0,2,2,0,0,2,2,2,1,2,2,5,4,0,5,5,3,2,5,2,5,5,5,3,5,5,5,6,0,6,0,2,6,0,0,2,2,0,0,0,0,0,0,0,6
S73,0,0,0,0,0,0,0,5,0,0,0,0,0,0,2,0,0,0,0,0,0,0,0,0,0,0,0,0,5,0,0,0,2,0,0,0,0,0,0,0,3,0,0,0,0,3,0,0,0,2,0,0,0,3,0,0,0,0,3,2,0,0,2,5,2,5,0,5,3,3,5,2,2,5,2,3,2,5,5,2,0,0,0,2,2,0,0,5,0,0,2,0,0,0,2,0,0
S74,2,0,0,0,0,0,0,5,0,0,0,0,0,0,1,0,0,0,0,0,0,0,0,3,0,2,5,0,2,6,1,0,2,0,2,0,2,0,0,0,2,2,0,0,2,0,2,6,0,2,0,0,0,2,2,0,0,0,2,5,1,2,3,2,2,2,5,0,2,0,5,5,5,5,5,3,2,2,5,2,0,0,0,2,2,1,0,2,1,0,0,2,2,0,2,0,2
S75,0,0,0,0,0,0,0,2,0,0,0,0,0,0,2,0,0,0,0,0,0,0,0,0,0,0,0,0,0,0,0,0,2,2,2,0,5,0,2,0,3,2,0,0,0,0,0,0,0,2,2,0,0,2,5,0,0,0,3,2,0,0,2,2,2,2,5,5,0,2,2,0,0,5,2,3,2,2,2,2,0,0,0,2,0,0,0,2,2,0,0,2,2,0,0,0,2
S76,0,0,3,0,2,0,2,5,5,3,3,0,0,0,1,0,0,0,0,0,0,0,0,0,5,0,2,3,2,0,5,0,2,2,2,5,0,0,2,0,2,2,3,0,0,3,0,5,0,2,2,2,5,2,5,0,0,2,2,5,0,2,0,5,3,5,5,5,3,0,5,0,5,5,5,3,2,2,5,2,0,2,0,2,2,0,2,2,2,0,5,0,0,0,3,0,5
S77,0,0,0,0,0,0,2,5,5,3,2,0,0,0,1,0,0,0,0,0,0,0,0,0,0,0,0,0,0,0,0,2,2,2,5,2,5,2,2,0,5,3,3,0,0,3,0,0,5,2,2,2,2,2,5,0,2,2,2,5,1,2,2,5,3,5,5,5,2,2,0,5,5,5,5,3,5,5,5,2,0,5,5,5,5,0,2,2,2,0,0,2,0,2,0,0,5
S79,0,0,0,5,0,0,2,2,2,3,2,0,0,0,1,0,0,0,0,0,0,0,0,0,0,0,0,0,0,0,0,5,3,0,2,0,5,5,0,0,2,2,0,0,0,2,0,0,5,2,2,0,0,2,0,0,3,0,2,5,2,2,2,5,2,5,5,5,2,0,5,0,2,5,5,3,5,5,5,2,0,2,2,2,2,0,0,0,2,0,0,0,3,0,0,0,2
S80,0,0,0,0,0,0,0,5,5,0,2,0,0,0,1,0,0,0,0,0,0,0,0,0,0,0,0,0,0,0,1,0,0,0,2,2,2,0,0,3,2,5,2,0,0,3,0,0,0,2,0,0,0,2,2,0,0,2,2,2,0,2,2,2,3,5,5,5,2,2,5,2,0,5,5,3,5,5,5,2,0,5,2,5,5,0,2,2,0,0,0,0,2,0,0,0,5
S81,0,0,0,0,2,0,2,5,5,3,2,0,0,0,1,0,0,0,0,0,0,0,0,0,0,0,0,0,0,0,0,0,0,0,2,2,2,0,0,0,0,2,3,2,0,3,2,0,0,2,0,2,0,2,0,0,2,0,0,2,2,2,2,2,3,5,5,5,2,3,5,5,5,0,6,3,5,5,5,2,0,5,2,5,5,0,2,0,2,0,0,0,2,2,2,0,5
S82,0,0,0,0,0,0,2,5,5,0,2,0,0,0,1,0,0,0,0,0,0,0,0,0,0,0,0,0,0,0,0,0,2,0,0,2,0,0,0,0,0,2,2,5,0,2,0,0,0,2,0,0,2,2,0,0,0,0,2,0,0,0,2,5,2,5,2,5,2,3,5,5,5,6,0,3,5,2,2,2,0,5,0,0,5,0,0,2,0,0,0,0,0,0,0,0,5
S83,0,0,2,0,0,2,2,5,5,3,2,0,0,0,1,0,0,0,1,0,0,0,3,2,0,0,2,0,0,0,0,2,2,2,5,5,2,2,0,2,2,2,0,2,0,2,0,0,0,2,5,2,0,2,0,2,0,0,2,2,0,2,2,2,2,5,5,5,3,3,5,2,5,5,5,0,5,5,5,5,0,2,0,3,2,0,0,2,1,0,5,0,3,0,3,2,2
S84,0,0,0,0,4,0,2,6,5,0,2,0,0,0,1,0,0,0,0,0,0,0,1,0,0,0,0,0,0,0,0,0,0,0,0,2,2,2,0,0,2,2,0,0,0,3,0,0,0,2,5,0,1,2,2,0,0,3,2,2,0,2,2,0,2,5,5,5,2,3,6,2,5,5,5,3,0,5,5,2,0,5,0,5,5,0,0,2,1,0,0,0,3,2,0,0,5
S85,0,0,0,2,0,0,0,2,2,0,2,0,0,0,2,0,0,0,0,0,0,0,0,0,0,0,0,0,0,0,0,2,3,0,0,2,2,2,0,0,0,2,0,0,0,3,0,0,0,2,2,2,0,2,0,0,2,0,2,2,0,2,2,5,2,5,5,5,0,2,5,5,5,5,5,3,5,0,5,2,0,2,0,2,5,0,0,2,2,0,0,0,0,0,0,0,0
S86,0,0,0,0,2,0,2,5,2,3,5,0,0,0,1,0,0,0,0,0,0,0,2,0,0,0,0,0,0,0,0,2,3,2,2,5,0,5,0,0,2,2,2,0,0,3,2,2,0,2,2,5,0,2,5,0,2,0,2,5,0,2,2,5,2,5,5,5,3,3,5,5,5,5,5,3,5,5,0,0,2,2,0,5,5,3,0,5,2,0,5,2,0,0,2,2,5
S87,2,0,0,0,2,0,2,5,0,3,2,0,0,0,2,0,0,0,0,0,0,0,2,0,0,0,2,0,0,0,0,0,2,2,2,5,0,0,0,3,2,2,0,0,0,0,0,5,0,5,5,5,0,2,5,3,0,0,2,5,0,5,2,2,4,6,5,5,0,2,5,2,2,5,5,3,2,2,0,0,2,6,2,5,6,0,2,2,2,0,5,0,3,0,2,2,6
S88,0,0,0,0,0,0,2,0,0,3,2,0,0,0,1,0,0,0,0,0,0,0,0,0,0,0,0,0,0,0,0,0,0,0,0,0,0,0,0,0,0,2,0,0,0,0,0,0,0,2,0,0,0,2,0,0,0,0,2,2,0,2,2,0,0,0,2,0,0,0,5,0,0,0,2,0,2,2,5,5,0,2,2,2,2,0,0,0,2,0,5,0,0,0,0,0,2
S89,0,0,0,0,0,0,0,2,5,3,2,0,0,0,2,0,0,0,0,0,0,0,0,0,0,0,0,0,0,0,0,0,0,2,2,0,2,0,0,0,0,2,0,5,0,2,0,0,0,2,2,0,2,2,0,0,0,0,2,5,0,2,2,5,4,6,0,0,0,0,5,0,5,5,5,0,5,2,0,6,2,0,0,2,6,0,2,2,2,0,0,0,0,0,0,0,6
S90,0,0,0,0,0,0,2,2,0,3,2,0,0,0,2,0,0,0,0,0,0,0,0,0,0,0,0,0,0,0,0,6,2,6,0,0,2,0,0,0,2,2,0,0,0,2,0,0,0,2,0,2,0,2,3,0,0,0,0,0,0,2,0,3,0,2,0,0,0,0,5,5,5,5,0,2,5,5,2,5,0,2,0,5,5,0,0,2,0,0,2,0,3,0,0,0,2
S91,0,0,0,2,0,0,2,2,2,3,2,0,0,0,1,0,0,0,1,0,0,0,0,0,0,0,0,0,0,0,0,5,2,5,0,5,2,2,2,0,2,2,0,2,0,2,0,0,5,2,0,2,0,2,5,0,0,0,2,0,0,0,0,0,0,2,0,2,0,0,5,5,5,5,2,3,5,5,2,5,0,2,5,0,5,0,0,2,1,0,2,0,3,0,0,0,5
S92,0,0,0,2,0,2,2,2,0,3,2,0,0,0,1,0,0,0,0,0,0,0,0,0,0,0,0,0,0,0,0,2,2,5,5,2,2,0,0,0,2,2,0,0,0,3,2,0,5,2,2,2,2,2,2,0,0,0,2,5,0,2,2,5,4,6,0,0,2,0,5,2,2,5,5,2,5,5,3,6,0,6,0,2,0,0,2,5,3,0,2,2,3,0,0,0,6
S93,0,0,0,0,0,2,0,0,0,3,2,0,0,0,2,0,0,0,0,0,0,0,0,1,0,0,0,0,0,0,0,0,0,0,2,0,0,0,0,0,3,2,0,0,0,2,0,3,0,2,0,0,0,2,0,0,0,0,2,0,0,0,2,0,0,0,0,3,3,0,2,2,0,0,0,2,2,2,3,2,0,2,0,2,2,0,5,5,3,0,0,2,0,0,0,0,0
S94,2,0,1,0,0,2,2,2,0,3,2,0,0,0,1,0,0,0,0,0,0,0,0,0,0,0,0,0,0,0,5,2,0,2,2,5,0,0,0,0,0,3,0,0,0,3,2,2,5,5,0,0,0,2,5,5,0,0,0,5,5,0,2,0,0,2,2,0,2,3,5,0,5,5,5,2,2,0,2,2,0,2,0,2,5,3,0,2,3,0,0,0,0,5,0,0,5
S95,0,0,0,0,0,0,2,0,0,3,2,0,0,0,2,0,0,0,0,0,0,0,0,0,0,0,0,0,0,0,0,2,0,0,2,5,0,0,0,0,3,2,0,0,0,3,2,0,0,2,2,0,0,2,2,0,2,0,2,0,0,2,2,2,3,5,5,0,2,0,5,2,5,3,2,2,5,5,3,0,2,2,2,2,5,3,0,0,2,0,0,0,2,0,2,0,5
S97,0,0,0,0,0,0,2,0,0,3,2,0,0,0,2,0,0,0,0,0,0,0,0,0,0,5,2,0,0,0,0,0,0,0,0,0,0,0,0,0,2,3,0,0,0,0,0,0,5,2,0,2,0,2,0,0,0,0,2,0,3,5,2,0,0,2,0,2,2,0,5,0,2,5,0,2,2,2,2,2,0,2,0,2,5,0,5,2,0,0,0,0,0,0,0,0,2
S98,0,0,0,0,0,0,0,0,0,3,2,0,0,0,1,0,0,0,0,0,0,0,0,0,0,0,0,0,0,0,0,5,0,0,0,0,0,0,0,0,0,2,0,0,0,0,0,0,0,2,0,0,0,2,0,3,0,0,0,5,5,0,2,2,0,2,0,0,0,0,5,2,2,5,0,0,0,5,0,2,0,2,0,2,2,0,5,0,0,0,0,2,0,0,0,0,2
S99,0,0,0,0,0,0,2,2,5,3,5,0,0,0,1,0,0,0,0,0,0,0,0,0,0,0,6,0,0,0,0,2,0,0,2,0,0,0,2,0,0,2,0,0,0,0,0,0,0,2,5,5,0,2,0,0,0,0,2,2,0,0,0,2,0,2,0,0,0,3,5,2,0,5,2,2,2,2,3,2,2,2,0,2,5,0,0,2,2,0,0,0,0,0,2,0,2
S100,0,0,0,0,0,0,0,0,0,0,0,0,0,0,2,0,0,0,0,0,0,0,0,0,0,0,0,0,0,0,0,0,0,5,5,0,2,0,2,0,3,3,0,0,0,0,0,0,0,2,5,0,0,2,5,0,0,0,2,2,0,2,2,2,0,0,0,2,3,0,5,0,0,2,2,2,2,2,3,2,0,0,0,0,5,0,0,2,2,0,0,0,3,5,3,3,5
S101,0,0,0,0,0,0,2,0,0,0,0,0,0,0,1,0,0,0,0,0,0,0,0,0,0,0,0,0,0,0,0,0,2,0,0,0,0,0,0,0,0,2,0,0,0,0,0,0,0,2,5,0,0,2,0,3,0,0,2,2,0,0,2,0,0,0,0,0,0,0,5,0,0,0,0,2,2,0,0,5,0,0,3,2,0,0,0,0,0,0,2,2,0,5,2,3,5
S103,2,0,0,0,0,0,2,0,0,0,0,0,0,0,2,0,0,0,0,0,0,0,0,0,0,0,0,0,0,0,0,0,1,0,0,0,0,0,0,0,3,2,0,0,0,0,6,0,0,2,2,0,0,2,0,0,0,0,0,2,0,0,2,0,0,0,0,0,3,0,5,0,0,5,2,2,2,0,0,2,0,0,0,0,0,0,0,0,0,0,0,6,2,0,3,3,5
S104,0,0,0,0,0,0,2,0,0,0,2,0,0,0,2,0,0,0,0,0,0,0,0,0,0,0,0,0,0,0,0,0,0,0,0,0,0,0,0,0,5,2,0,0,0,4,2,0,0,2,0,0,0,2,0,0,0,0,2,2,0,0,0,0,0,2,0,2,2,3,5,2,0,3,0,2,0,0,0,2,0,2,0,0,2,0,0,2,0,0,0,2,2,5,0,2,5
S105,0,0,0,0,0,0,0,0,0,0,2,0,0,0,1,0,0,0,0,0,0,0,0,0,0,0,0,0,0,0,0,0,0,0,0,0,0,0,0,0,0,2,0,0,0,0,0,0,0,2,2,0,0,2,0,0,0,0,0,2,0,0,0,0,0,0,0,0,0,0,5,0,0,0,0,2,0,0,3,2,0,0,0,2,0,0,0,0,0,0,0,2,3,2,2,0,5
S106,0,0,0,0,5,2,0,0,2,0,2,0,0,0,1,0,0,0,0,0,0,0,0,0,0,0,0,0,0,0,0,2,0,5,0,2,0,0,2,0,0,2,2,2,0,3,0,0,0,2,2,0,0,2,2,0,0,0,0,2,0,5,2,5,4,6,0,2,2,3,5,0,5,5,5,2,5,0,3,6,2,6,0,0,6,0,0,2,2,0,0,2,3,2,3,3,0
